Date üìÖ,Location üìç,Name üèÅ
19-21 Feb,Barcelona,Formula 1 Pre-season Testing 2020
26-28 Feb,Barcelona,Formula 1 Pre-season Testing 2020
13-15 Mar,Australia,Formula 1 Rolex Australian Grand Prix 2020
20-22 Mar,Bahrain,Formula 1 Gulf Air Bahrain Grand Prix 2020
03-05 Apr,Vietnam,Formula 1 VinFast Vietnam Grand Prix 2020
17-19 Apr,China,Formula 1 Heineken Chinese Grand Prix 2020
01-03 May,Netherlands,Formula 1 Heineken Dutch Grand Prix 2020
08-10 May,Spain,Formula 1 Gran Premio De Espa√±a 2020
21-24 May,Monaco,Formula 1 Grand Prix De Monaco 2020
05-07 Jun,Azerbaijan,Formula 1 Azerbaijan Grand Prix 2020
12-14 Jun,Canada,Formula 1 Grand Prix Du Canada 2020
26-28 Jun,France,Formula 1 Grand Prix De France 2020
03-05 Jul,Austria,Formula 1 myWorld Grosser Preis Von √ñsterreich 2020
17-19 Jul,Great Britain,Formula 1 Pirelli British Grand Prix 2020
31-02 Jul-Aug,Hungary,Formula 1 Magyar Nagyd√≠j 2020
28-30 Aug,Belgium,Formula 1 Rolex Belgian Grand Prix 2020
04-06 Sep,Italy,Formula 1 Gran Premio Heineken D'italia 2020
18-20 Sep,Singapore,Formula 1 Singapore Airlines Singapore Grand Prix 2020
25-27 Sep,Russia,Formula 1 VTB Russian Grand Prix 2020
09-11 Oct,Japan,Formula 1 Pirelli Japanese Grand Prix 2020
23-25 Oct,United States,Formula 1 United States Grand Prix 2020
30-01 Oct-Nov,Mexico,Formula 1 Gran Premio De La Ciudad De M√©xico 2020
13-15 Nov,Brazil,Formula 1 Heineken Grande Pr√™mio Do Brasil 2020
27-29 Nov,Abu Dhabi,Formula 1 Etihad Airways Abu Dhabi Grand Prix 2020
